Workbook

Sheet branch_performance
A1: branch_id | B1: total_applications | C1: approved_applications | D1: dropped_applications | E1: approval_rate | F1: drop_off_rate | G1: performance_flag
A2: B011 | B2: 334 | C2: 154 | D2: 66 | E2: 46.11 | F2: 19.76 | G2: High Drop-off
A3: B002 | B3: 277 | C3: 139 | D3: 51 | E3: 50.18 | F3: 18.41 | G3: High Drop-off
A4: B006 | B4: 341 | C4: 161 | D4: 62 | E4: 47.21 | F4: 18.18 | G4: High Drop-off
A5: B008 | B5: 334 | C5: 150 | D5: 60 | E5: 44.91 | F5: 17.96 | G5: High Drop-off
A6: B015 | B6: 345 | C6: 178 | D6: 61 | E6: 51.59 | F6: 17.68 | G6: High Drop-off
A7: B004 | B7: 292 | C7: 141 | D7: 45 | E7: 48.29 | F7: 15.41 | G7: High Drop-off
A8: B019 | B8: 333 | C8: 189 | D8: 40 | E8: 56.76 | F8: 12.01 | G8: Lower Drop-off
A9: B009 | B9: 336 | C9: 179 | D9: 40 | E9: 53.27 | F9: 11.9 | G9: Lower Drop-off
A10: B012 | B10: 323 | C10: 163 | D10: 37 | E10: 50.46 | F10: 11.46 | G10: Lower Drop-off
A11: B018 | B11: 334 | C11: 184 | D11: 38 | E11: 55.09 | F11: 11.38 | G11: Lower Drop-off
A12: B007 | B12: 301 | C12: 167 | D12: 33 | E12: 55.48 | F12: 10.96 | G12: Lower Drop-off
A13: B020 | B13: 322 | C13: 187 | D13: 29 | E13: 58.07 | F13: 9.01 | G13: Lower Drop-off
... A21: B014 | B21: 302 | C21: 213 | D21: 0 | E21: 70.53 | F21: 0 | G21: Lower Drop-off

Sheet Dashboard
A1: Branch Performance Dashboard
I2: Branch | J2: Applications
A3: Total applications | C3: Approval Rate | D3: Overall Approval Rate (%) | E3: Total Dropped Applications | F3: Drop-off rate | I3: =branch_performance!A2 -> B011 | J3: =branch_performance!B2 -> 334
A4: =SUM(branch_performance!B2:B21) -> 6500 | C4: =AVERAGE(branch_performance!E2:E21) -> 56.407 | D4: =SUM(branch_performance!C2:C21)/SUM(branch_performance!B2:B21)*100 -> 56.430769 | E4: =SUM(branch_performance!D2:D21) -> 673 | F4: =SUM(branch_performance!D2:D21)/SUM(branch_performance!B2:B21)*100 -> 10.353846 | I4: =branch_performance!A3 -> B002 | J4: =branch_performance!B3 -> 277
I5: =branch_performance!A4 -> B006 | J5: =branch_performance!B4 -> 341
A6: Average Application per Branch
A7: =AVERAGE(branch_performance!B2:B21) -> 325
A9: Highest Applications by Branch | B9: =MAX(branch_performance!B2:B21) -> 360 | D9: Total Approved Applications
A10: =INDEX(branch_performance!A2:A21,MATCH(MAX(branch_performance!B2:B21),branch_performance!B2:B21,0)) -> B005 | D10: =SUM(branch_performance!C2:C21) -> 3668
A12: Lowest Applications by Branch | B12: =MIN(branch_performance!B2:B21) -> 277
A13: =INDEX(branch_performance!A2:A21,MATCH(MIN(branch_performance!B2:B21),branch_performance!B2:B21,0)) -> B002
H14: Branch | I14: Approval rates
A15: Highest Approval Rate (%) | B15: =MAX(branch_performance!E2:E21) -> 70.53 | D15: Highest Approval Rate Branch | H15: B001 | I15: =_xlfn.XLOOKUP(H15,branch_performance!A:A,branch_performance!C:C) -> 170
A16: =INDEX(branch_performance!A2:A21,MATCH(MAX(branch_performance!E2:E21),branch_performance!E2:E21,0)) -> B014 | D16: =INDEX(branch_performance!A2:A21,MATCH(MAX(branch_performance!E2:E21),branch_performance!E2:E21,0)) -> B014 | H16: B002 | I16: =_xlfn.XLOOKUP(H16,branch_performance!A:A,branch_performance!C:C) -> 139
H17: B005 | I17: =_xlfn.XLOOKUP(H17,branch_performance!A:A,branch_performance!C:C) -> 209
H18: Branch | I18: Approval rates
D19: Lowest Approval Rate Branch | H19: B001 | I19: =branch_performance!E14 -> 58.22
A20: Lowest Approval Rate (%) | B20: =MIN(branch_performance!E2:E21) -> 44.91 | D20: =INDEX(branch_performance!A2:A21,MATCH(MIN(branch_performance!E2:E21),branch_performance!E2:E21,0)) -> B008 | H20: B002 | I20: =branch_performance!E3 -> 50.18
A21: =INDEX(branch_performance!A2:A21,MATCH(B20,branch_performance!E2:E21,0)) -> B008 | H21: B005 | I21: =branch_performance!E15 -> 58.06
A23: Total Approved Applications
A24: =SUM(branch_performance!C2:C21) -> 3668
